{"dnwell.2": 0, "nwell.1": 0, "nwell.2a": 0, "nwell.6": 0, "hvtp.1": 0, "hvtp.2": 0, "hvtr.1": 0, "hvtr.2": 0, "hvtr.2_a": 0, "lvtn.1a": 0, "lvtn.2": 0, "ncm.1": 0, "ncm.2a": 0, "difftap.1": 0, "difftap.1_a": 0, "difftap.1_b": 0, "difftap.1_c": 0, "difftap.3": 0, "tunm.1": 0, "tunm.2": 0, "poly.1a": 0, "poly.2": 0, "rpm.1a": 0, "rpm.2": 0, "urpm.1a": 0, "urpm.2": 0, "npc.1": 0, "npc.2": 0, "nsd.1": 0, "nsd.2": 0, "psd.1": 0, "psd.2": 0, "licon.1": 0, "licon.1_a/b": 0, "licon.13": 0, "licon.13_a": 0, "licon.17": 0, "capm.1": 0, "capm.2a": 0, "capm.2b": 0, "capm.2b_a": 0, "capm.3": 0, "capm.3_a": 0, "capm.4": 0, "capm.5": 0, "capm.11": 0, "cap2m.1": 0, "cap2m.2a": 0, "cap2m.2b": 0, "cap2m.2b_a": 0, "cap2m.3": 0, "cap2m.3_a": 0, "cap2m.4": 0, "cap2m.5": 0, "cap2m.11": 0, "li.1": 0, "li.3": 0, "li.5": 0, "li.6": 0, "ct.1": 0, "ct.1_a": 0, "ct.1_b": 0, "ct.2": 0, "ct.3": 0, "ct.3_a": 0, "ct.3_b": 0, "ct.4": 0, "m1.1": 0, "m1.2": 0, "m1.3ab": 0, "791_m1.4": 0, "m1.4": 0, "m1.4a": 0, "m1.4a_a": 0, "m1.6": 0, "m1.7": 0, "m1.5": 0, "via.1a": 0, "via.1a_a": 0, "via.1a_b": 0, "via.2": 0, "via.3": 0, "via.3_a": 0, "via.3_b": 0, "via.4a": 0, "via.4a_a": 0, "via.5a": 0, "m2.1": 0, "m2.2": 0, "m2.3ab": 0, "m2.6": 0, "m2.7": 0, "m2.4": 0, "m2.4_a": 0, "m2.5": 0, "via2.1a": 0, "via2.1a_a": 0, "via2.1a_b": 0, "via2.2": 0, "via2.3": 0, "via2.3_a": 0, "via2.3_b": 0, "via2.4": 0, "via2.4_a": 0, "via2.5": 0, "m3.1": 0, "m3.2": 0, "m3.6": 0, "m3.3cd": 0, "m3.4": 0, "m3.4_a": 0, "via3.1": 0, "via3.1_a": 0, "via3.1_b": 0, "via3.2": 0, "via3.4": 0, "via3.4_a": 0, "via3.5": 0, "m4.1": 0, "m4.2": 0, "m4.4a": 0, "m4.5ab": 0, "m4.3": 0, "m4.3_a": 0, "via4.1": 0, "via4.1_a": 0, "via4.1_b": 0, "via4.2": 0, "via4.3": 0, "via4.3_a": 0, "via4.3_b": 0, "via4.4": 0, "via4.4_a": 0, "m5.1": 0, "m5.2": 0, "m5.3": 0, "m5.3_a": 0, "m5.4": 0, "pad.2": 0, "hvi.1": 0, "hvi.2a": 0, "hvntm.1": 0, "hvntm.2": 0, "total": 0}