{
	"route__net": 225,
	"route__net__special": 2,
	"route__drc_errors__iter:1": 86,
	"route__wirelength__iter:1": 3198,
	"route__drc_errors__iter:2": 13,
	"route__wirelength__iter:2": 3137,
	"route__drc_errors__iter:3": 9,
	"route__wirelength__iter:3": 3128,
	"route__drc_errors__iter:4": 0,
	"route__wirelength__iter:4": 3126,
	"route__drc_errors": 0,
	"route__wirelength": 3126,
	"route__vias": 1313,
	"route__vias__singlecut": 1313,
	"route__vias__multicut": 0,
	"design__io": 11,
	"design__die__area": 6278.81,
	"design__core__area": 3913.75,
	"design__instance__count": 276,
	"design__instance__area": 2115.78,
	"design__instance__count__stdcell": 276,
	"design__instance__area__stdcell": 2115.78,
	"design__instance__count__macros": 0,
	"design__instance__area__macros": 0,
	"design__instance__utilization": 0.540601,
	"design__instance__utilization__stdcell": 0.540601,
	"flow__warnings__count": 10,
	"flow__errors__count": 0
}